{
    "Sawang, kec. Peudada, kab. Bireuen": [
        5.2019429,
        96.5543952
    ],
    "Menasah Teungah, kec. Peudada, kab. Bireuen": [
        5.195865,
        96.6079797
    ],
    "Tebing Tinggi, Sumatera Utara": [
        3.3280636,
        99.0717245
    ],
    "Menasah Baroh": [
        5.194311,
        96.594662
    ],
    "Lhokseumawe": [
        5.1720557,
        97.0252365
    ],
    "Medan": [
        3.6424541,
        98.5870941
    ],
    "Matang": [
        5.1824847,
        96.3672607
    ],
    "Juli keude dua, kec. Juli, kab. Bireuen": [
        5.1709529,
        96.6858125
    ],
    "Takengon": [
        4.6309607,
        96.8465678
    ],
    "Kisaran": [
        2.9835893,
        99.6257536
    ],
    "Bireuen": [
        5.1988976,
        96.6097626
    ],
    "Tebing Tinggi": [
        3.3281518,
        99.1129273
    ]
}